C,n_iter,log(C),Mean,Error
10000,100,4,0.905,0.004881085945
10000,150,4,0.9055,0.007653408603
10000,200,4,0.90525,0.004634112644